<?xml version="1.0"?>
<module>
  <type>language</type>
  <name>Spanish</name>
  <label>ES Spanish</label>
  <prefix>es_es</prefix>
  <version>5.1</version>
  <dependencies>
    <vtiger_version>5.1.0</vtiger_version>
  </dependencies>
  <license>
   <inline><![CDATA[
 ********************************************************************************
 * The contents of these fileis are subject to the Mozilla Public License Version 1.1
 * ("License"); You may not use this file except in compliance with the License.
 * Software distributed under the License is distributed on an  "AS IS"  basis,
 * WITHOUT WARRANTY OF ANY KIND, either express or implied. See the License for
 * the specific language governing rights and limitations under the License.
 ********************************************************************************
 *  Language     : Español
 *  Version      : 5.1
 *  Author       : Joe Bordes JPL TSolucio, S. L.
 *  Author       : Rafael Soler. 5.0.4 inheritance
 ********************************************************************************
]]></inline>
  </license>
</module>
